step,epoch,loss
1,1,5.1164069175720215
2,1,3.999232530593872
3,1,3.9315061569213867
4,1,5.187472343444824
5,1,2.8876519203186035
6,1,4.393100738525391
7,1,5.253318786621094
8,1,4.533194065093994
9,1,3.866300106048584
10,1,3.3072829246520996
11,1,4.111704349517822
12,1,3.727116346359253
13,1,4.912423133850098
14,1,5.579767227172852
15,1,3.9731578826904297
16,1,4.307310581207275
17,1,3.6724367141723633
18,1,2.734057903289795
19,1,4.252164363861084
20,1,4.234304904937744
21,1,3.8832154273986816
22,1,3.194162368774414
23,1,3.107922077178955
24,1,3.8269944190979004
25,1,4.2381591796875
26,1,3.6290202140808105
27,1,1.7078924179077148
28,1,2.868298053741455
29,1,3.144667387008667
30,1,2.5922131538391113
31,1,4.506479263305664
32,1,3.0881810188293457
33,1,1.7323801517486572
34,1,2.9358763694763184
35,1,1.9234278202056885
36,1,2.834804058074951
37,1,4.8122334480285645
38,1,2.559204578399658
39,1,2.4882025718688965
40,1,3.924644947052002
41,1,3.9722776412963867
42,1,3.399044990539551
43,1,3.0003724098205566
44,1,2.213736057281494
45,1,2.8452303409576416
46,1,4.5099287033081055
47,1,3.2162575721740723
48,1,2.060415744781494
49,1,1.6165921688079834
50,1,2.959843873977661
51,1,1.8875513076782227
52,1,2.761857509613037
53,1,3.5387089252471924
54,1,1.8919036388397217
55,1,2.939354181289673
56,1,2.8413949012756348
57,1,3.1992106437683105
58,1,2.167105197906494
59,1,2.660771369934082
60,1,2.4647774696350098
61,1,3.49196457862854
62,1,2.0107131004333496
63,1,2.116802453994751
64,1,3.019299030303955
65,1,2.3117053508758545
66,1,2.913053512573242
67,1,2.5934925079345703
68,1,2.512740135192871
69,1,2.3215794563293457
70,1,2.226250171661377
71,1,3.269707441329956
72,1,1.99382483959198
73,1,2.1937570571899414
74,1,2.3349404335021973
75,1,2.9749796390533447
76,1,3.351998805999756
77,1,1.9003146886825562
78,1,2.248521566390991
79,1,0.7766022682189941
80,1,1.6847145557403564
81,1,2.6199193000793457
82,1,1.3556935787200928
83,1,2.018188953399658
84,1,1.2369492053985596
85,1,2.3400683403015137
86,1,3.0181832313537598
87,1,3.286436080932617
88,1,1.568232536315918
89,1,2.486025810241699
90,1,2.982089042663574
91,1,2.0161802768707275
92,1,1.8204724788665771
93,1,3.510725736618042
94,1,2.3577375411987305
95,1,2.1956610679626465
96,1,2.7238380908966064
97,1,1.549433946609497
98,1,0.854170560836792
99,1,1.2500815391540527
100,1,1.8643949031829834
101,1,1.6911263465881348
102,1,1.219797134399414
103,1,1.891227126121521
104,1,1.6843687295913696
105,1,2.0221519470214844
106,1,1.7812597751617432
107,1,3.715487003326416
108,2,2.8720924854278564
109,2,1.211263656616211
110,2,2.2137951850891113
111,2,2.833392381668091
112,2,1.1378428936004639
113,2,2.1869559288024902
114,2,2.2483906745910645
115,2,2.2180728912353516
116,2,1.6172635555267334
117,2,2.339616537094116
118,2,1.5057706832885742
119,2,2.4226253032684326
120,2,1.08457612991333
121,2,3.9906399250030518
122,2,3.076630115509033
123,2,1.494457721710205
124,2,1.1967695951461792
125,2,3.6302714347839355
126,2,1.781367301940918
127,2,2.0834591388702393
128,2,0.9129278063774109
129,2,2.408233404159546
130,2,2.2288405895233154
131,2,1.6043405532836914
132,2,1.834564447402954
133,2,1.8513073921203613
134,2,0.8331567645072937
135,2,1.801000952720642
136,2,1.0030527114868164
137,2,2.31528902053833
138,2,1.4964466094970703
139,2,2.360954761505127
140,2,1.3035483360290527
141,2,1.7947008609771729
142,2,3.217672824859619
143,2,1.9397791624069214
144,2,2.446134567260742
145,2,1.1510159969329834
146,2,2.222608804702759
147,2,1.8280409574508667
148,2,1.410203218460083
149,2,0.9147778153419495
150,2,1.9128926992416382
151,2,0.9667773842811584
152,2,1.8543428182601929
153,2,1.9788717031478882
154,2,2.0812220573425293
155,2,1.2159818410873413
156,2,0.9410061240196228
157,2,2.6115493774414062
158,2,1.6830514669418335
159,2,2.2553024291992188
160,2,1.4328641891479492
161,2,2.097525119781494
162,2,3.6252498626708984
163,2,1.4343156814575195
164,2,1.9994689226150513
165,2,0.8953428268432617
166,2,2.5415549278259277
167,2,1.5519351959228516
168,2,2.2074997425079346
169,2,1.6566050052642822
170,2,1.0081466436386108
171,2,3.3102314472198486
172,2,1.814670205116272
173,2,1.1797544956207275
174,2,1.2669179439544678
175,2,1.3276997804641724
176,2,2.18635630607605
177,2,4.3917412757873535
178,2,1.704342007637024
179,2,1.32390558719635
180,2,1.7427350282669067
181,2,1.5593189001083374
182,2,1.7793270349502563
183,2,0.7372691631317139
184,2,1.5901145935058594
185,2,1.5108709335327148
186,2,2.1942882537841797
187,2,1.520674467086792
188,2,0.9012721180915833
189,2,1.4776999950408936
190,2,2.315032958984375
191,2,1.803469181060791
192,2,1.9202187061309814
193,2,2.069251775741577
194,2,2.2007546424865723
195,2,1.506885051727295
196,2,1.5308271646499634
197,2,1.9661357402801514
198,2,1.874737024307251
199,2,1.7418102025985718
200,2,1.9611692428588867
201,2,2.1422948837280273
202,2,1.0890405178070068
203,2,1.8067231178283691
204,2,3.002495765686035
205,2,1.527567744255066
206,2,2.0477163791656494
207,2,1.6383540630340576
208,2,2.150576591491699
209,2,1.9633893966674805
210,2,2.2738144397735596
211,2,1.665279746055603
212,2,1.531381607055664
213,2,1.0914647579193115
214,2,0.697839081287384
215,3,1.8157739639282227
216,3,1.0949280261993408
217,3,1.7608096599578857
218,3,1.465999960899353
219,3,1.1459006071090698
220,3,1.6728453636169434
221,3,1.2284631729125977
222,3,1.7268842458724976
223,3,1.8123290538787842
224,3,2.0896668434143066
225,3,0.9949851036071777
226,3,2.3573098182678223
227,3,1.4031779766082764
228,3,1.6338610649108887
229,3,1.9276762008666992
230,3,1.513580560684204
231,3,1.7258410453796387
232,3,1.7881875038146973
233,3,1.9865864515304565
234,3,0.8379607200622559
235,3,1.1912884712219238
236,3,1.8681961297988892
237,3,1.5009963512420654
238,3,2.2853479385375977
239,3,0.8587414026260376
240,3,1.7628040313720703
241,3,1.9723389148712158
242,3,1.7803535461425781
243,3,1.3159570693969727
244,3,1.886466145515442
245,3,1.3698558807373047
246,3,1.3517677783966064
247,3,1.6648584604263306
248,3,2.114292860031128
249,3,0.6735249757766724
250,3,1.6024360656738281
251,3,0.873927116394043
252,3,1.1972427368164062
253,3,2.083979606628418
254,3,1.3804121017456055
255,3,1.4294012784957886
256,3,2.2701563835144043
257,3,0.9509920477867126
258,3,0.32320424914360046
259,3,1.0605154037475586
260,3,1.8767026662826538
261,3,1.2540748119354248
262,3,1.178512454032898
263,3,1.0881205797195435
264,3,2.1894149780273438
265,3,1.4114476442337036
266,3,1.6806440353393555
267,3,1.0564627647399902
268,3,1.6945494413375854
269,3,1.426928162574768
270,3,1.6428072452545166
271,3,1.1870977878570557
272,3,2.1891696453094482
273,3,1.8759115934371948
274,3,1.7186098098754883
275,3,1.0908247232437134
276,3,1.3782027959823608
277,3,1.758177638053894
278,3,2.144777297973633
279,3,1.642420768737793
280,3,0.9935060143470764
281,3,1.9753074645996094
282,3,3.11181640625
283,3,1.0010396242141724
284,3,2.9947073459625244
285,3,2.2699103355407715
286,3,1.2585721015930176
287,3,0.9477397799491882
288,3,2.064140558242798
289,3,1.5281546115875244
290,3,1.260170340538025
291,3,1.560564398765564
292,3,1.266398549079895
293,3,2.4543797969818115
294,3,2.230833053588867
295,3,1.1941394805908203
296,3,0.8303748369216919
297,3,0.9756635427474976
298,3,1.8759765625
299,3,1.5887538194656372
300,3,1.203193187713623
301,3,1.9611440896987915
302,3,1.022857666015625
303,3,0.9303689002990723
304,3,1.289015293121338
305,3,2.2568411827087402
306,3,2.4534683227539062
307,3,0.7477664947509766
308,3,2.2789082527160645
309,3,1.80485200881958
310,3,1.6243786811828613
311,3,2.1032419204711914
312,3,1.1572340726852417
313,3,0.8834759593009949
314,3,2.0262906551361084
315,3,1.5761656761169434
316,3,2.4919610023498535
317,3,2.183042526245117
318,3,1.7762575149536133
319,3,1.21195387840271
320,3,1.634985327720642
321,3,1.001499891281128
322,4,0.9147148132324219
323,4,1.635884165763855
324,4,1.6641652584075928
325,4,1.6604961156845093
326,4,0.9122147560119629
327,4,1.4112269878387451
328,4,2.230353355407715
329,4,1.191501259803772
330,4,1.4865925312042236
331,4,0.8267127275466919
332,4,2.1031155586242676
333,4,1.3323633670806885
334,4,0.7033325433731079
335,4,1.9244415760040283
336,4,1.2930463552474976
337,4,0.7637687921524048
338,4,1.3019297122955322
339,4,1.2035800218582153
340,4,1.856321930885315
341,4,2.0521717071533203
342,4,1.1654915809631348
343,4,1.2190325260162354
344,4,1.4848906993865967
345,4,0.3871040940284729
346,4,1.1975288391113281
347,4,0.9090206623077393
348,4,0.6637164950370789
349,4,1.1841328144073486
350,4,2.6644601821899414
351,4,1.5154818296432495
352,4,1.0075194835662842
353,4,2.0702128410339355
354,4,1.5102424621582031
355,4,0.5637363195419312
356,4,0.5485869646072388
357,4,1.5709748268127441
358,4,1.3433678150177002
359,4,0.7300758957862854
360,4,1.2471950054168701
361,4,1.7300856113433838
362,4,0.48147809505462646
363,4,1.2964705228805542
364,4,1.1743290424346924
365,4,1.8472137451171875
366,4,1.2180652618408203
367,4,1.3374207019805908
368,4,1.405566930770874
369,4,1.6613826751708984
370,4,1.5476055145263672
371,4,1.1807719469070435
372,4,0.8709791898727417
373,4,1.393310785293579
374,4,1.6218814849853516
375,4,1.7486257553100586
376,4,1.577908992767334
377,4,2.186042308807373
378,4,1.9843947887420654
379,4,1.4359276294708252
380,4,1.5513973236083984
381,4,0.541951596736908
382,4,1.4057482481002808
383,4,0.9318525791168213
384,4,2.0702006816864014
385,4,2.6326751708984375
386,4,1.450304388999939
387,4,1.5787556171417236
388,4,1.9568989276885986
389,4,1.1309568881988525
390,4,1.7490407228469849
391,4,2.2549097537994385
392,4,1.9998239278793335
393,4,1.4890618324279785
394,4,0.5586639642715454
395,4,1.4075825214385986
396,4,0.9441779255867004
397,4,1.8103604316711426
398,4,0.7979194521903992
399,4,0.9727349281311035
400,4,1.1946585178375244
401,4,1.295133113861084
402,4,1.1615214347839355
403,4,1.120326280593872
404,4,1.0032001733779907
405,4,0.5177885890007019
406,4,2.628441095352173
407,4,0.752147912979126
408,4,2.497725248336792
409,4,2.4499871730804443
410,4,1.162245512008667
411,4,0.7663700580596924
412,4,1.7135354280471802
413,4,1.1971187591552734
414,4,1.1832541227340698
415,4,1.8856297731399536
416,4,1.2343522310256958
417,4,1.1222378015518188
418,4,1.4548518657684326
419,4,1.3513503074645996
420,4,1.104982614517212
421,4,1.3954596519470215
422,4,1.094193935394287
423,4,1.037325382232666
424,4,1.510338544845581
425,4,0.835025429725647
426,4,1.3294603824615479
427,4,1.458822250366211
428,4,1.8752968311309814
429,5,1.458829402923584
430,5,0.8011497259140015
431,5,0.9223329424858093
432,5,1.8119019269943237
433,5,1.4744923114776611
434,5,1.517561674118042
435,5,1.2847011089324951
436,5,1.2315704822540283
437,5,1.5928199291229248
438,5,0.8605397939682007
439,5,1.210306167602539
440,5,1.533704400062561
441,5,1.2566684484481812
442,5,1.451878309249878
443,5,1.2739182710647583
444,5,1.211268663406372
445,5,1.5753438472747803
446,5,1.0158486366271973
447,5,0.5892459750175476
448,5,1.9841623306274414
449,5,1.390627384185791
450,5,0.8742307424545288
451,5,0.6478632092475891
452,5,0.7237576842308044
453,5,1.5813181400299072
454,5,0.4456157982349396
455,5,2.0389678478240967
456,5,0.5565978288650513
457,5,1.3826594352722168
458,5,1.8520019054412842
459,5,1.0532869100570679
460,5,1.8544580936431885
461,5,0.22846433520317078
462,5,1.3637056350708008
463,5,1.8098703622817993
464,5,1.2632213830947876
465,5,2.294708251953125
466,5,1.4277620315551758
467,5,1.1300780773162842
468,5,1.0617811679840088
469,5,0.841600775718689
470,5,1.4170485734939575
471,5,1.0149223804473877
472,5,0.641609251499176
473,5,1.4298856258392334
474,5,0.8093212246894836
475,5,1.0259236097335815
476,5,0.6526726484298706
477,5,0.5776910185813904
478,5,0.775335431098938
479,5,0.7699446678161621
480,5,0.6067869663238525
481,5,0.9425255060195923
482,5,1.0383210182189941
483,5,0.8386295437812805
484,5,1.901916742324829
485,5,1.2412214279174805
486,5,1.4584758281707764
487,5,1.198342204093933
488,5,0.27204275131225586
489,5,1.6180806159973145
490,5,1.806774377822876
491,5,1.3723227977752686
492,5,0.8811759948730469
493,5,0.9842867851257324
494,5,1.2185487747192383
495,5,1.3864065408706665
496,5,1.4172072410583496
497,5,1.013371467590332
498,5,1.8386651277542114
499,5,0.6680186986923218
500,5,0.6480085253715515
501,5,1.6823995113372803
502,5,1.4684052467346191
503,5,0.48948267102241516
504,5,1.3205723762512207
505,5,0.9789422750473022
506,5,1.0196120738983154
507,5,1.3229715824127197
508,5,1.5061910152435303
509,5,0.7657957077026367
510,5,0.8845565319061279
511,5,1.4544398784637451
512,5,1.4270846843719482
513,5,0.8933595418930054
514,5,1.706496238708496
515,5,1.1870999336242676
516,5,0.9117946624755859
517,5,1.6261769533157349
518,5,0.8345475196838379
519,5,2.0092155933380127
520,5,1.9479444026947021
521,5,0.8326923847198486
522,5,0.806153416633606
523,5,0.7654649019241333
524,5,0.8327741622924805
525,5,1.5511438846588135
526,5,1.9606019258499146
527,5,1.3377437591552734
528,5,1.2021610736846924
529,5,0.5117810964584351
530,5,1.7766591310501099
531,5,1.9045292139053345
532,5,0.9091756939888
533,5,1.9910683631896973
534,5,1.191278100013733
535,5,0.5847924947738647
