variant,step,lens,condition,prompt_type,never,transient,late_only,persistent,n_prompts,mean_first_layer,n_first_layer,mean_settle_layer,n_settle_layer,mean_toggles
base,0,logit,known,train,0,0,302,198,500,21.212,500,22.974,500,1.852
base,0,logit,known,paraphrase,743,117,340,300,1500,20.49537648612946,757,22.6796875,640,1.0226666666666666
base,0,logit,latent,train,437,63,0,0,500,19.571428571428573,63,,0,0.268
base,0,logit,latent,paraphrase,1242,90,98,72,1502,20.588461538461537,260,22.605882352941176,170,0.3395472703062583
base,0,logit,unknown,train,495,5,0,0,500,19.6,5,,0,0.02
base,0,logit,unknown,paraphrase,1446,22,19,16,1503,19.912280701754387,57,22.257142857142856,35,0.06719893546240852
base,0,logit,synthetic,train,200,0,0,0,200,,0,,0,0.0
base,0,logit,synthetic,paraphrase,595,6,0,0,601,17.333333333333332,6,,0,0.036605657237936774
base,0,tuned,known,train,0,0,98,402,500,19.54,500,20.516,500,1.548
base,0,tuned,known,paraphrase,668,192,84,556,1500,19.348557692307693,832,20.0796875,640,0.8866666666666667
base,0,tuned,latent,train,379,121,0,0,500,19.90082644628099,121,,0,0.56
base,0,tuned,latent,paraphrase,1162,170,30,140,1502,19.93235294117647,340,20.523529411764706,170,0.4194407456724368
base,0,tuned,unknown,train,493,7,0,0,500,20.0,7,,0,0.032
base,0,tuned,unknown,paraphrase,1437,31,7,28,1503,18.727272727272727,66,20.457142857142856,35,0.08316699933466401
base,0,tuned,synthetic,train,199,1,0,0,200,20.0,1,,0,0.01
base,0,tuned,synthetic,paraphrase,598,3,0,0,601,20.0,3,,0,0.013311148086522463
final,535,logit,known,train,3,4,6,487,500,18.523138832997986,497,18.799188640973632,493,1.222
final,535,logit,known,paraphrase,61,54,77,1308,1500,18.91660875608061,1439,19.48231046931408,1385,1.334
final,535,logit,latent,train,13,9,23,455,500,19.26694045174538,487,19.876569037656903,478,1.388
final,535,logit,latent,paraphrase,145,68,106,1183,1502,19.498894620486368,1357,20.21567106283941,1289,1.3495339547270306
final,535,logit,unknown,train,110,6,79,305,500,20.574358974358976,390,21.4296875,384,1.184
final,535,logit,unknown,paraphrase,594,65,203,641,1503,20.564356435643564,909,21.404028436018958,844,0.9221556886227545
final,535,logit,synthetic,train,99,8,39,54,200,22.326732673267326,101,22.806451612903224,93,0.665
final,535,logit,synthetic,paraphrase,428,31,69,73,601,21.982658959537574,173,23.0,142,0.415973377703827
final,535,tuned,known,train,2,5,3,490,500,17.716867469879517,498,18.196754563894523,493,1.338
final,535,tuned,known,paraphrase,54,61,51,1334,1500,18.219917012448132,1446,18.659205776173284,1385,1.2953333333333332
final,535,tuned,latent,train,9,13,19,459,500,18.537678207739308,491,19.039748953974897,478,1.328
final,535,tuned,latent,paraphrase,144,69,72,1217,1502,18.78497790868925,1358,19.2622187742436,1289,1.2283621837549934
final,535,tuned,unknown,train,107,9,51,333,500,19.895674300254452,393,20.385416666666668,384,1.04
final,535,tuned,unknown,paraphrase,574,85,140,704,1503,19.7502691065662,929,20.509478672985782,844,0.916833000665336
final,535,tuned,synthetic,train,90,17,25,68,200,21.37272727272727,110,21.9247311827957,93,0.755
final,535,tuned,synthetic,paraphrase,416,43,42,100,601,20.886486486486486,185,22.140845070422536,142,0.47920133111480867
step_00050,50,logit,known,train,15,16,44,425,500,19.42061855670103,485,19.948827292110874,469,1.35
step_00050,50,logit,known,paraphrase,157,99,198,1046,1500,19.80789277736411,1343,20.556270096463024,1244,1.3133333333333332
step_00050,50,logit,latent,train,69,34,110,287,500,20.633410672853827,431,21.670025188916878,397,1.418
step_00050,50,logit,latent,paraphrase,340,89,302,771,1502,20.80722891566265,1162,21.672879776328053,1073,1.2137150466045272
step_00050,50,logit,unknown,train,321,22,86,71,500,21.519553072625698,179,22.598726114649683,157,0.534
step_00050,50,logit,unknown,paraphrase,971,70,235,227,1503,21.507518796992482,532,22.506493506493506,462,0.5442448436460412
step_00050,50,logit,synthetic,train,182,5,11,2,200,22.166666666666668,18,23.307692307692307,13,0.135
step_00050,50,logit,synthetic,paraphrase,552,16,25,8,601,21.102040816326532,49,22.727272727272727,33,0.13810316139767054
step_00050,50,tuned,known,train,15,16,20,449,500,18.191752577319587,485,18.68869936034115,469,1.266
step_00050,50,tuned,known,paraphrase,146,110,94,1150,1500,18.797636632200888,1354,19.122990353697748,1244,1.148
step_00050,50,tuned,latent,train,67,36,44,353,500,19.54272517321016,433,20.03274559193955,397,1.206
step_00050,50,tuned,latent,paraphrase,309,120,151,922,1502,19.74518021793797,1193,20.22273998136067,1073,1.111185086551265
step_00050,50,tuned,unknown,train,319,24,49,108,500,20.65745856353591,181,21.522292993630572,157,0.558
step_00050,50,tuned,unknown,paraphrase,965,76,157,305,1503,20.544609665427508,538,21.463203463203463,462,0.5495675316034597
step_00050,50,tuned,synthetic,train,182,5,9,4,200,21.11111111111111,18,23.23076923076923,13,0.135
step_00050,50,tuned,synthetic,paraphrase,548,20,21,12,601,20.452830188679247,53,22.272727272727273,33,0.14143094841930118
step_00100,100,logit,known,train,18,13,31,438,500,19.12240663900415,482,19.51599147121535,469,1.234
step_00100,100,logit,known,paraphrase,113,79,154,1154,1500,19.508291276135544,1387,20.150611620795107,1308,1.3
step_00100,100,logit,latent,train,46,27,80,347,500,20.244493392070485,454,21.18032786885246,427,1.458
step_00100,100,logit,latent,paraphrase,269,83,261,889,1502,20.38442822384428,1233,21.394782608695653,1150,1.3288948069241011
step_00100,100,logit,unknown,train,281,25,77,117,500,21.210045662100455,219,22.257731958762886,194,0.672
step_00100,100,logit,unknown,paraphrase,872,85,224,322,1503,21.20285261489699,631,22.265567765567766,546,0.6427145708582834
step_00100,100,logit,synthetic,train,172,7,14,7,200,22.107142857142858,28,23.476190476190474,21,0.205
step_00100,100,logit,synthetic,paraphrase,522,23,39,17,601,21.39240506329114,79,23.107142857142858,56,0.21630615640599002
step_00100,100,tuned,known,train,14,17,9,460,500,17.91769547325103,486,18.54371002132196,469,1.394
step_00100,100,tuned,known,paraphrase,107,85,90,1218,1500,18.51399856424982,1393,18.956422018348626,1308,1.2253333333333334
step_00100,100,tuned,latent,train,47,26,35,392,500,18.99337748344371,453,19.562060889929743,427,1.294
step_00100,100,tuned,latent,paraphrase,245,107,133,1017,1502,19.21002386634845,1257,19.727826086956522,1150,1.174434087882823
step_00100,100,tuned,unknown,train,276,30,40,154,500,20.111607142857142,224,20.783505154639176,194,0.66
step_00100,100,tuned,unknown,paraphrase,851,106,134,412,1503,20.08282208588957,652,21.0,546,0.6786427145708582
step_00100,100,tuned,synthetic,train,172,7,14,7,200,21.321428571428573,28,23.19047619047619,21,0.245
step_00100,100,tuned,synthetic,paraphrase,522,23,21,35,601,20.670886075949365,79,22.178571428571427,56,0.2129783693843594
step_00150,150,logit,known,train,10,15,29,446,500,19.089795918367347,490,19.67157894736842,475,1.366
step_00150,150,logit,known,paraphrase,114,90,169,1127,1500,19.652958152958153,1386,20.38888888888889,1296,1.3506666666666667
step_00150,150,logit,latent,train,50,32,76,342,500,20.351111111111113,450,21.28708133971292,418,1.46
step_00150,150,logit,latent,paraphrase,275,79,248,900,1502,20.58598207008965,1227,21.554006968641115,1148,1.3129161118508654
step_00150,150,logit,unknown,train,250,32,89,129,500,21.456,250,22.577981651376145,218,0.78
step_00150,150,logit,unknown,paraphrase,848,84,240,331,1503,21.36030534351145,655,22.46059544658494,571,0.6753160345974717
step_00150,150,logit,synthetic,train,165,6,20,9,200,22.228571428571428,35,23.20689655172414,29,0.255
step_00150,150,logit,synthetic,paraphrase,513,20,46,22,601,21.761363636363637,88,23.279411764705884,68,0.22296173044925124
step_00150,150,tuned,known,train,7,18,14,461,500,17.983772819472616,493,18.545263157894738,475,1.374
step_00150,150,tuned,known,paraphrase,97,107,75,1221,1500,18.5816108339273,1403,19.01851851851852,1296,1.2533333333333334
step_00150,150,tuned,latent,train,45,37,36,382,500,19.116483516483516,455,19.70334928229665,418,1.312
step_00150,150,tuned,latent,paraphrase,249,105,130,1018,1502,19.309656823623303,1253,19.93554006968641,1148,1.1917443408788282
step_00150,150,tuned,unknown,train,246,36,54,164,500,20.484251968503937,254,21.238532110091743,218,0.72
step_00150,150,tuned,unknown,paraphrase,830,102,131,440,1503,20.221396731054977,673,21.182136602451838,571,0.6939454424484365
step_00150,150,tuned,synthetic,train,165,6,15,14,200,21.485714285714284,35,22.79310344827586,29,0.255
step_00150,150,tuned,synthetic,paraphrase,503,30,35,33,601,20.612244897959183,98,22.735294117647058,68,0.28618968386023297
step_00200,200,logit,known,train,7,11,18,464,500,18.78498985801217,493,19.323651452282157,482,1.38
step_00200,200,logit,known,paraphrase,72,87,133,1208,1500,19.186974789915965,1428,19.903057419835942,1341,1.4033333333333333
step_00200,200,logit,latent,train,33,22,64,381,500,19.670235546038544,467,20.669662921348316,445,1.522
step_00200,200,logit,latent,paraphrase,209,86,196,1011,1502,19.946635730858468,1293,20.929577464788732,1207,1.396138482023968
step_00200,200,logit,unknown,train,223,30,85,162,500,20.927797833935017,277,22.068825910931174,247,0.906
step_00200,200,logit,unknown,paraphrase,776,98,203,426,1503,20.755158184319118,727,22.038155802861684,629,0.8163672654690619
step_00200,200,logit,synthetic,train,158,8,22,12,200,21.738095238095237,42,23.147058823529413,34,0.31
step_00200,200,logit,synthetic,paraphrase,496,31,43,31,601,21.257142857142856,105,23.013513513513512,74,0.28618968386023297
step_00200,200,tuned,known,train,8,10,9,473,500,17.784552845528456,492,18.441908713692946,482,1.376
step_00200,200,tuned,known,paraphrase,64,95,58,1283,1500,18.238161559888578,1436,18.7248322147651,1341,1.318
step_00200,200,tuned,latent,train,28,27,28,417,500,18.70762711864407,472,19.339325842696628,445,1.378
step_00200,200,tuned,latent,paraphrase,173,122,101,1106,1502,18.911211437170806,1329,19.47721623860812,1207,1.262982689747004
step_00200,200,tuned,unknown,train,220,33,58,189,500,20.042857142857144,280,20.83400809716599,247,0.846
step_00200,200,tuned,unknown,paraphrase,764,110,122,507,1503,19.6914749661705,739,20.70906200317965,629,0.801729873586161
step_00200,200,tuned,synthetic,train,155,11,16,18,200,20.844444444444445,45,22.58823529411765,34,0.38
step_00200,200,tuned,synthetic,paraphrase,489,38,34,40,601,20.285714285714285,112,22.7027027027027,74,0.34941763727121466
step_00250,250,logit,known,train,3,7,14,476,500,18.643863179074447,497,19.110204081632652,490,1.308
step_00250,250,logit,known,paraphrase,80,51,126,1243,1500,19.116901408450705,1420,19.804236669101535,1369,1.3566666666666667
step_00250,250,logit,latent,train,34,23,42,401,500,19.669527896995707,466,20.35214446952596,443,1.402
step_00250,250,logit,latent,paraphrase,198,83,168,1053,1502,19.937116564417177,1304,20.772317772317773,1221,1.3708388814913448
step_00250,250,logit,unknown,train,213,20,86,181,500,21.066202090592334,287,21.93632958801498,267,0.85
step_00250,250,logit,unknown,paraphrase,741,65,212,485,1503,20.835958005249346,762,21.96126255380201,697,0.8256819693945442
step_00250,250,logit,synthetic,train,150,9,21,20,200,21.78,50,23.024390243902438,41,0.385
step_00250,250,logit,synthetic,paraphrase,495,25,40,41,601,21.68867924528302,106,23.098765432098766,81,0.27121464226289516
step_00250,250,tuned,known,train,3,7,8,482,500,17.766599597585515,497,18.4,490,1.372
step_00250,250,tuned,known,paraphrase,72,59,64,1305,1500,18.29621848739496,1428,18.77282688093499,1369,1.2833333333333334
step_00250,250,tuned,latent,train,34,23,25,418,500,18.658798283261802,466,19.196388261851016,443,1.27
step_00250,250,tuned,latent,paraphrase,185,96,104,1117,1502,18.9916476841306,1317,19.46928746928747,1221,1.2217043941411452
step_00250,250,tuned,unknown,train,204,29,44,223,500,20.14189189189189,296,20.831460674157302,267,0.878
step_00250,250,tuned,unknown,paraphrase,720,86,142,555,1503,20.06257982120051,783,20.885222381635582,697,0.7791084497671324
step_00250,250,tuned,synthetic,train,151,8,17,24,200,21.367346938775512,49,22.463414634146343,41,0.395
step_00250,250,tuned,synthetic,paraphrase,485,35,30,51,601,20.698275862068964,116,22.34567901234568,81,0.3144758735440932
step_00300,300,logit,known,train,4,10,13,473,500,18.631048387096776,496,18.977366255144034,486,1.26
step_00300,300,logit,known,paraphrase,66,92,85,1257,1500,19.124825662482568,1434,19.666915052160952,1342,1.3333333333333333
step_00300,300,logit,latent,train,25,16,37,422,500,19.498947368421053,475,20.246187363834423,459,1.45
step_00300,300,logit,latent,paraphrase,194,81,145,1082,1502,19.782874617737004,1308,20.54115729421353,1227,1.337549933422104
step_00300,300,logit,unknown,train,181,18,86,215,500,21.031347962382444,319,21.86046511627907,301,0.954
step_00300,300,logit,unknown,paraphrase,706,66,215,516,1503,20.767879548306148,797,21.863201094391243,731,0.8389886892880905
step_00300,300,logit,synthetic,train,138,9,27,26,200,22.370967741935484,62,23.0,53,0.405
step_00300,300,logit,synthetic,paraphrase,485,28,50,38,601,21.844827586206897,116,23.125,88,0.2795341098169717
step_00300,300,tuned,known,train,4,10,11,475,500,17.81048387096774,496,18.296296296296298,486,1.316
step_00300,300,tuned,known,paraphrase,57,101,36,1306,1500,18.33056133056133,1443,18.721311475409838,1342,1.2866666666666666
step_00300,300,tuned,latent,train,21,20,25,434,500,18.822546972860124,479,19.209150326797385,459,1.258
step_00300,300,tuned,latent,paraphrase,179,96,79,1148,1502,19.021919879062736,1323,19.381418092909534,1227,1.1604527296937417
step_00300,300,tuned,unknown,train,180,19,53,248,500,20.221875,320,20.717607973421927,301,0.854
step_00300,300,tuned,unknown,paraphrase,686,86,136,595,1503,19.97796817625459,817,20.730506155950753,731,0.7977378576180971
step_00300,300,tuned,synthetic,train,138,9,21,32,200,21.774193548387096,62,22.41509433962264,53,0.435
step_00300,300,tuned,synthetic,paraphrase,476,37,31,57,601,20.776,125,22.443181818181817,88,0.3427620632279534
step_00350,350,logit,known,train,3,5,11,481,500,18.553319919517104,497,18.93089430894309,492,1.276
step_00350,350,logit,known,paraphrase,61,62,93,1284,1500,18.962473940236276,1439,19.60639070442992,1377,1.3686666666666667
step_00350,350,logit,latent,train,17,21,31,431,500,19.401656314699792,483,20.058441558441558,462,1.388
step_00350,350,logit,latent,paraphrase,173,68,153,1108,1502,19.682468021068473,1329,20.43140364789849,1261,1.325565912117177
step_00350,350,logit,unknown,train,164,25,74,237,500,20.773809523809526,336,21.70418006430868,311,1.046
step_00350,350,logit,unknown,paraphrase,683,78,194,548,1503,20.60609756097561,820,21.5822102425876,742,0.8662674650698603
step_00350,350,logit,synthetic,train,128,10,34,28,200,22.27777777777778,72,23.080645161290324,62,0.49
step_00350,350,logit,synthetic,paraphrase,466,24,53,58,601,21.903703703703705,135,23.054054054054053,111,0.324459234608985
step_00350,350,tuned,known,train,3,5,6,486,500,17.65995975855131,497,18.304878048780488,492,1.404
step_00350,350,tuned,known,paraphrase,64,59,36,1341,1500,18.20682451253482,1436,18.628177196804646,1377,1.262
step_00350,350,tuned,latent,train,21,17,19,443,500,18.5615866388309,479,19.067099567099568,462,1.268
step_00350,350,tuned,latent,paraphrase,160,81,77,1184,1502,18.89344262295082,1342,19.363996827914352,1261,1.2083888149134487
step_00350,350,tuned,unknown,train,162,27,41,270,500,19.988165680473372,338,20.527331189710612,311,0.934
step_00350,350,tuned,unknown,paraphrase,661,100,128,614,1503,19.794536817102138,842,20.555256064690028,742,0.8383233532934131
step_00350,350,tuned,synthetic,train,121,17,21,41,200,21.354430379746834,79,22.225806451612904,62,0.58
step_00350,350,tuned,synthetic,paraphrase,453,37,42,69,601,21.013513513513512,148,22.423423423423422,111,0.39434276206322794
step_00400,400,logit,known,train,1,6,8,485,500,18.583166332665332,499,18.86815415821501,493,1.25
step_00400,400,logit,known,paraphrase,57,64,81,1298,1500,18.911295911295912,1443,19.499637418419145,1379,1.3473333333333333
step_00400,400,logit,latent,train,14,15,29,442,500,19.279835390946502,486,19.8343949044586,471,1.33
step_00400,400,logit,latent,paraphrase,150,72,123,1157,1502,19.620562130177515,1352,20.265625,1280,1.3129161118508654
step_00400,400,logit,unknown,train,148,14,75,263,500,20.883522727272727,352,21.532544378698226,338,0.996
step_00400,400,logit,unknown,paraphrase,642,70,215,576,1503,20.722415795586528,861,21.54993678887484,791,0.854956753160346
step_00400,400,logit,synthetic,train,117,15,34,34,200,22.481927710843372,83,23.11764705882353,68,0.53
step_00400,400,logit,synthetic,paraphrase,448,39,61,53,601,21.915032679738562,153,23.12280701754386,114,0.3793677204658902
step_00400,400,tuned,known,train,0,7,4,489,500,17.758,500,18.261663286004058,493,1.358
step_00400,400,tuned,known,paraphrase,61,60,40,1339,1500,18.195274496177902,1439,18.62291515591008,1379,1.2633333333333334
step_00400,400,tuned,latent,train,14,15,21,450,500,18.631687242798353,486,19.16348195329087,471,1.29
step_00400,400,tuned,latent,paraphrase,142,80,73,1207,1502,18.899264705882352,1360,19.34140625,1280,1.2090545938748336
step_00400,400,tuned,unknown,train,137,25,58,280,500,20.1900826446281,363,20.568047337278106,338,0.936
step_00400,400,tuned,unknown,paraphrase,622,90,143,648,1503,19.935300794551647,881,20.695322376738307,791,0.8562874251497006
step_00400,400,tuned,synthetic,train,115,17,20,48,200,21.458823529411763,85,22.426470588235293,68,0.61
step_00400,400,tuned,synthetic,paraphrase,445,42,46,68,601,21.192307692307693,156,22.44736842105263,114,0.4193011647254576
step_00450,450,logit,known,train,0,3,13,484,500,18.56,500,18.93158953722334,497,1.306
step_00450,450,logit,known,paraphrase,51,60,91,1298,1500,18.957902001380262,1449,19.558675305975523,1389,1.358
step_00450,450,logit,latent,train,11,14,29,446,500,19.26993865030675,489,19.953684210526315,475,1.45
step_00450,450,logit,latent,paraphrase,154,73,139,1136,1502,19.62166172106825,1348,20.31843137254902,1275,1.3242343541944075
step_00450,450,logit,unknown,train,138,12,73,277,500,20.7707182320442,362,21.465714285714284,350,1.028
step_00450,450,logit,unknown,paraphrase,633,80,195,595,1503,20.551724137931036,870,21.470886075949366,790,0.8862275449101796
step_00450,450,logit,synthetic,train,109,12,27,52,200,22.208791208791208,91,22.79746835443038,79,0.595
step_00450,450,logit,synthetic,paraphrase,444,37,65,55,601,21.751592356687897,157,23.1,120,0.40266222961730447
step_00450,450,tuned,known,train,0,3,8,489,500,17.728,500,18.24547283702213,497,1.358
step_00450,450,tuned,known,paraphrase,43,68,43,1346,1500,18.240219629375428,1457,18.645068394528437,1389,1.2793333333333334
step_00450,450,tuned,latent,train,12,13,17,458,500,18.53688524590164,488,19.11157894736842,475,1.314
step_00450,450,tuned,latent,paraphrase,149,78,87,1188,1502,18.847745750184774,1353,19.36392156862745,1275,1.2217043941411452
step_00450,450,tuned,unknown,train,132,18,39,311,500,19.97826086956522,368,20.534285714285716,350,1.032
step_00450,450,tuned,unknown,paraphrase,611,102,121,669,1503,19.80156950672646,892,20.656962025316457,790,0.9008649367930806
step_00450,450,tuned,synthetic,train,104,17,18,61,200,21.229166666666668,96,21.924050632911392,79,0.685
step_00450,450,tuned,synthetic,paraphrase,429,52,48,72,601,20.825581395348838,172,22.391666666666666,120,0.502495840266223
step_00500,500,logit,known,train,1,7,12,480,500,18.56312625250501,499,18.91869918699187,492,1.264
step_00500,500,logit,known,paraphrase,66,56,97,1281,1500,19.03068340306834,1434,19.674165457184326,1378,1.3506666666666667
step_00500,500,logit,latent,train,8,17,31,444,500,19.278455284552845,492,19.945263157894736,475,1.422
step_00500,500,logit,latent,paraphrase,156,68,134,1144,1502,19.573551263001487,1346,20.380281690140844,1278,1.3768308921438082
step_00500,500,logit,unknown,train,116,13,88,283,500,20.893229166666668,384,21.684636118598384,371,1.134
step_00500,500,logit,unknown,paraphrase,603,71,228,601,1503,20.7,900,21.63208685162847,829,0.9281437125748503
step_00500,500,logit,synthetic,train,96,14,51,39,200,22.625,104,22.966666666666665,90,0.64
step_00500,500,logit,synthetic,paraphrase,432,31,71,67,601,22.01775147928994,169,22.992753623188406,138,0.389351081530782
step_00500,500,tuned,known,train,0,8,3,489,500,17.78,500,18.36382113821138,492,1.38
step_00500,500,tuned,known,paraphrase,61,61,51,1327,1500,18.289784572619876,1439,18.777213352685052,1378,1.284
step_00500,500,tuned,latent,train,9,16,21,454,500,18.613034623217924,491,19.16,475,1.31
step_00500,500,tuned,latent,paraphrase,151,73,83,1195,1502,18.862324204293117,1351,19.431924882629108,1278,1.2543275632490014
step_00500,500,tuned,unknown,train,105,24,65,306,500,20.149367088607594,395,20.830188679245282,371,1.13
step_00500,500,tuned,unknown,paraphrase,592,82,162,667,1503,19.967069154774972,911,20.797346200241254,829,0.9041916167664671
step_00500,500,tuned,synthetic,train,94,16,35,55,200,21.77358490566038,106,22.27777777777778,90,0.71
step_00500,500,tuned,synthetic,paraphrase,421,42,46,92,601,21.072222222222223,180,22.21014492753623,138,0.47254575707154745
