fact_id,condition,first_layer,settle_layer,traj_class,first_flip_layer,flipped,lens
cf_17408,latent,15.0,17.0,persistent,3.0,True,logit
cf_9130,latent,21.0,21.0,persistent,11.0,True,logit
cf_12408,latent,20.0,20.0,persistent,6.0,True,logit
cf_19190,latent,20.0,20.0,persistent,15.0,True,logit
cf_7054,latent,18.0,18.0,persistent,9.0,True,logit
cf_7199,latent,23.0,23.0,persistent,2.0,True,logit
cf_14053,latent,18.0,18.0,persistent,1.0,True,logit
cf_12102,latent,18.0,18.0,persistent,5.0,True,logit
cf_13826,latent,18.0,18.0,persistent,7.0,True,logit
cf_11926,latent,22.0,22.0,persistent,11.0,True,logit
cf_11786,latent,20.0,24.0,late_only,17.0,True,logit
cf_18477,latent,17.0,17.0,persistent,4.0,True,logit
cf_12110,latent,18.0,23.0,persistent,17.0,True,logit
cf_7067,latent,19.0,19.0,persistent,10.0,True,logit
cf_16015,latent,24.0,24.0,late_only,18.0,True,logit
cf_10098,latent,18.0,18.0,persistent,4.0,True,logit
cf_14210,latent,20.0,24.0,late_only,9.0,True,logit
cf_12840,latent,19.0,19.0,persistent,7.0,True,logit
cf_766,latent,19.0,19.0,persistent,3.0,True,logit
cf_457,latent,20.0,20.0,persistent,21.0,True,logit
cf_12021,latent,18.0,18.0,persistent,1.0,True,logit
cf_13579,latent,18.0,18.0,persistent,6.0,True,logit
cf_7153,latent,18.0,18.0,persistent,5.0,True,logit
cf_4876,latent,20.0,22.0,persistent,10.0,True,logit
cf_5407,latent,18.0,18.0,persistent,2.0,True,logit
cf_8907,latent,19.0,19.0,persistent,12.0,True,logit
cf_14381,latent,19.0,19.0,persistent,10.0,True,logit
cf_3911,latent,20.0,22.0,persistent,21.0,True,logit
cf_17740,latent,18.0,24.0,late_only,21.0,True,logit
cf_15306,latent,18.0,18.0,persistent,10.0,True,logit
cf_414,latent,22.0,22.0,persistent,9.0,True,logit
cf_7611,latent,19.0,19.0,persistent,13.0,True,logit
cf_1744,latent,18.0,18.0,persistent,5.0,True,logit
cf_2614,latent,19.0,19.0,persistent,12.0,True,logit
cf_17734,latent,,,never,21.0,True,logit
cf_7758,latent,19.0,19.0,persistent,10.0,True,logit
cf_9411,latent,22.0,22.0,persistent,17.0,True,logit
cf_6593,latent,20.0,20.0,persistent,1.0,True,logit
cf_7593,latent,21.0,21.0,persistent,8.0,True,logit
cf_17430,latent,16.0,18.0,persistent,10.0,True,logit
cf_12914,latent,18.0,20.0,persistent,6.0,True,logit
cf_10852,latent,18.0,18.0,persistent,1.0,True,logit
cf_1835,latent,,,never,17.0,True,logit
cf_14545,latent,21.0,23.0,persistent,2.0,True,logit
cf_16506,latent,16.0,16.0,persistent,6.0,True,logit
cf_19571,latent,18.0,18.0,persistent,19.0,True,logit
cf_10912,latent,18.0,18.0,persistent,9.0,True,logit
cf_16416,latent,18.0,18.0,persistent,12.0,True,logit
cf_13926,latent,18.0,18.0,persistent,17.0,True,logit
cf_4585,latent,18.0,18.0,persistent,18.0,True,logit
cf_15927,latent,20.0,20.0,persistent,5.0,True,logit
cf_1097,latent,19.0,19.0,persistent,4.0,True,logit
cf_4457,latent,,,never,11.0,True,logit
cf_14940,latent,23.0,23.0,persistent,19.0,True,logit
cf_14047,latent,18.0,18.0,persistent,1.0,True,logit
cf_16473,latent,17.0,17.0,persistent,11.0,True,logit
cf_17346,latent,15.0,17.0,persistent,8.0,True,logit
cf_446,latent,18.0,18.0,persistent,11.0,True,logit
cf_1754,latent,19.0,19.0,persistent,10.0,True,logit
cf_3588,latent,21.0,21.0,persistent,5.0,True,logit
cf_14820,latent,20.0,20.0,persistent,13.0,True,logit
cf_16393,latent,18.0,18.0,persistent,6.0,True,logit
cf_4238,latent,20.0,20.0,persistent,4.0,True,logit
cf_11430,latent,22.0,22.0,persistent,4.0,True,logit
cf_7559,latent,23.0,23.0,persistent,4.0,True,logit
cf_12664,latent,20.0,23.0,persistent,9.0,True,logit
cf_12911,latent,18.0,,transient,13.0,True,logit
cf_863,latent,18.0,18.0,persistent,12.0,True,logit
cf_15601,latent,20.0,20.0,persistent,1.0,True,logit
cf_9416,latent,18.0,18.0,persistent,4.0,True,logit
cf_10914,latent,18.0,18.0,persistent,8.0,True,logit
cf_9589,latent,23.0,23.0,persistent,19.0,True,logit
cf_6838,latent,19.0,19.0,persistent,2.0,True,logit
cf_15631,latent,19.0,19.0,persistent,20.0,True,logit
cf_15696,latent,19.0,19.0,persistent,1.0,True,logit
cf_1672,latent,20.0,20.0,persistent,10.0,True,logit
cf_16740,latent,18.0,18.0,persistent,13.0,True,logit
cf_6380,latent,21.0,23.0,persistent,2.0,True,logit
cf_8882,latent,19.0,19.0,persistent,14.0,True,logit
cf_560,latent,16.0,16.0,persistent,2.0,True,logit
cf_2129,latent,19.0,19.0,persistent,22.0,True,logit
cf_10230,latent,19.0,19.0,persistent,18.0,True,logit
cf_15169,latent,,,never,13.0,True,logit
cf_9653,latent,18.0,18.0,persistent,3.0,True,logit
cf_19516,latent,18.0,18.0,persistent,4.0,True,logit
cf_8125,latent,17.0,17.0,persistent,2.0,True,logit
cf_17309,latent,23.0,23.0,persistent,12.0,True,logit
cf_11396,latent,18.0,18.0,persistent,13.0,True,logit
cf_3329,latent,16.0,,transient,,False,logit
cf_3305,latent,19.0,22.0,persistent,9.0,True,logit
cf_3027,latent,18.0,18.0,persistent,7.0,True,logit
cf_18759,latent,20.0,20.0,persistent,13.0,True,logit
cf_791,latent,18.0,18.0,persistent,6.0,True,logit
cf_19544,latent,19.0,19.0,persistent,11.0,True,logit
cf_18360,latent,20.0,22.0,persistent,14.0,True,logit
cf_11772,latent,20.0,20.0,persistent,8.0,True,logit
cf_16535,latent,19.0,19.0,persistent,11.0,True,logit
cf_16975,latent,,,never,13.0,True,logit
cf_19445,latent,24.0,24.0,late_only,17.0,True,logit
cf_2843,latent,22.0,22.0,persistent,10.0,True,logit
cf_3667,unknown,19.0,22.0,persistent,21.0,True,logit
cf_17353,unknown,20.0,24.0,late_only,23.0,True,logit
cf_8498,unknown,19.0,19.0,persistent,22.0,True,logit
cf_13420,unknown,,,never,,False,logit
cf_14811,unknown,20.0,20.0,persistent,11.0,True,logit
cf_2770,unknown,18.0,18.0,persistent,8.0,True,logit
cf_14923,unknown,20.0,20.0,persistent,6.0,True,logit
cf_18814,unknown,19.0,23.0,persistent,23.0,True,logit
cf_8905,unknown,,,never,,False,logit
cf_10334,unknown,24.0,24.0,late_only,24.0,True,logit
cf_15540,unknown,23.0,23.0,persistent,22.0,True,logit
cf_18229,unknown,,,never,,False,logit
cf_6182,unknown,,,never,,False,logit
cf_13412,unknown,,,never,23.0,True,logit
cf_778,unknown,19.0,19.0,persistent,9.0,True,logit
cf_14880,unknown,18.0,18.0,persistent,10.0,True,logit
cf_6269,unknown,18.0,18.0,persistent,8.0,True,logit
cf_16719,unknown,,,never,,False,logit
cf_16710,unknown,,,never,,False,logit
cf_10776,unknown,19.0,19.0,persistent,10.0,True,logit
cf_16171,unknown,,,never,,False,logit
cf_13580,unknown,23.0,23.0,persistent,13.0,True,logit
cf_17606,unknown,16.0,18.0,persistent,13.0,True,logit
cf_9750,unknown,,,never,22.0,True,logit
cf_10250,unknown,20.0,24.0,late_only,23.0,True,logit
cf_3796,unknown,18.0,18.0,persistent,6.0,True,logit
cf_12007,unknown,15.0,18.0,persistent,15.0,True,logit
cf_14320,unknown,,,never,,False,logit
cf_16855,unknown,19.0,19.0,persistent,14.0,True,logit
cf_1296,unknown,,,never,,False,logit
cf_586,unknown,18.0,20.0,persistent,5.0,True,logit
cf_3865,unknown,23.0,23.0,persistent,11.0,True,logit
cf_11178,unknown,20.0,24.0,late_only,20.0,True,logit
cf_2851,unknown,19.0,24.0,late_only,10.0,True,logit
cf_8663,unknown,20.0,22.0,persistent,11.0,True,logit
cf_17958,unknown,,,never,,False,logit
cf_1689,unknown,24.0,24.0,late_only,20.0,True,logit
cf_15360,unknown,20.0,22.0,persistent,20.0,True,logit
cf_14823,unknown,,,never,,False,logit
cf_16037,unknown,24.0,24.0,late_only,,False,logit
cf_14532,unknown,17.0,,transient,,False,logit
cf_14515,unknown,20.0,20.0,persistent,4.0,True,logit
cf_5302,unknown,23.0,23.0,persistent,11.0,True,logit
cf_14703,unknown,23.0,23.0,persistent,19.0,True,logit
cf_16655,unknown,22.0,22.0,persistent,14.0,True,logit
cf_1681,unknown,,,never,,False,logit
cf_5879,unknown,24.0,24.0,late_only,23.0,True,logit
cf_13868,unknown,18.0,18.0,persistent,12.0,True,logit
cf_12541,unknown,19.0,23.0,persistent,16.0,True,logit
cf_9549,unknown,18.0,18.0,persistent,5.0,True,logit
cf_1944,unknown,17.0,23.0,persistent,22.0,True,logit
cf_17588,unknown,24.0,24.0,late_only,21.0,True,logit
cf_18830,unknown,,,never,,False,logit
cf_14324,unknown,17.0,19.0,persistent,5.0,True,logit
cf_5939,unknown,24.0,24.0,late_only,23.0,True,logit
cf_11416,unknown,15.0,15.0,persistent,18.0,True,logit
cf_2281,unknown,,,never,,False,logit
cf_1065,unknown,18.0,18.0,persistent,16.0,True,logit
cf_2174,unknown,24.0,24.0,late_only,20.0,True,logit
cf_10184,unknown,24.0,24.0,late_only,18.0,True,logit
cf_6780,unknown,18.0,18.0,persistent,3.0,True,logit
cf_19659,unknown,21.0,23.0,persistent,15.0,True,logit
cf_2838,unknown,18.0,18.0,persistent,12.0,True,logit
cf_605,unknown,24.0,24.0,late_only,10.0,True,logit
cf_14819,unknown,,,never,,False,logit
cf_11571,unknown,23.0,23.0,persistent,16.0,True,logit
cf_4628,unknown,21.0,24.0,late_only,16.0,True,logit
cf_13451,unknown,19.0,19.0,persistent,18.0,True,logit
cf_19536,unknown,,,never,,False,logit
cf_18494,unknown,20.0,23.0,persistent,21.0,True,logit
cf_3521,unknown,23.0,23.0,persistent,23.0,True,logit
cf_7811,unknown,23.0,23.0,persistent,21.0,True,logit
cf_16633,unknown,23.0,23.0,persistent,20.0,True,logit
cf_3822,unknown,20.0,23.0,persistent,19.0,True,logit
cf_11241,unknown,21.0,21.0,persistent,14.0,True,logit
cf_10131,unknown,18.0,18.0,persistent,10.0,True,logit
cf_12894,unknown,24.0,24.0,late_only,,False,logit
cf_8706,unknown,24.0,24.0,late_only,20.0,True,logit
cf_14847,unknown,18.0,18.0,persistent,18.0,True,logit
cf_1082,unknown,18.0,23.0,persistent,11.0,True,logit
cf_12766,unknown,20.0,20.0,persistent,12.0,True,logit
cf_3982,unknown,19.0,19.0,persistent,10.0,True,logit
cf_11864,unknown,20.0,20.0,persistent,1.0,True,logit
cf_18808,unknown,18.0,22.0,persistent,4.0,True,logit
cf_6152,unknown,24.0,24.0,late_only,21.0,True,logit
cf_17347,unknown,22.0,22.0,persistent,11.0,True,logit
cf_6753,unknown,,,never,18.0,True,logit
cf_3486,unknown,,,never,,False,logit
cf_18079,unknown,20.0,20.0,persistent,6.0,True,logit
cf_10742,unknown,,,never,18.0,True,logit
cf_4897,unknown,,,never,,False,logit
cf_17595,unknown,18.0,18.0,persistent,6.0,True,logit
cf_8902,unknown,,,never,,False,logit
cf_17443,unknown,20.0,20.0,persistent,12.0,True,logit
cf_8040,unknown,18.0,18.0,persistent,1.0,True,logit
cf_7402,unknown,23.0,23.0,persistent,7.0,True,logit
cf_18142,unknown,,,never,,False,logit
cf_14543,unknown,,,never,,False,logit
cf_18082,unknown,23.0,,transient,16.0,True,logit
cf_15314,unknown,17.0,23.0,persistent,14.0,True,logit
syn_106,synthetic,24.0,24.0,late_only,,False,logit
syn_107,synthetic,23.0,23.0,persistent,17.0,True,logit
syn_108,synthetic,,,never,,False,logit
syn_41,synthetic,24.0,24.0,late_only,23.0,True,logit
syn_8,synthetic,24.0,24.0,late_only,24.0,True,logit
syn_181,synthetic,23.0,23.0,persistent,19.0,True,logit
syn_114,synthetic,,,never,23.0,True,logit
syn_115,synthetic,24.0,24.0,late_only,21.0,True,logit
syn_150,synthetic,,,never,,False,logit
syn_84,synthetic,,,never,,False,logit
syn_121,synthetic,24.0,24.0,late_only,24.0,True,logit
syn_157,synthetic,17.0,,transient,24.0,True,logit
syn_158,synthetic,22.0,,transient,24.0,True,logit
syn_129,synthetic,23.0,23.0,persistent,15.0,True,logit
syn_31,synthetic,,,never,23.0,True,logit
syn_101,synthetic,,,never,18.0,True,logit
syn_68,synthetic,23.0,23.0,persistent,17.0,True,logit
syn_35,synthetic,21.0,21.0,persistent,20.0,True,logit
syn_2,synthetic,20.0,22.0,persistent,15.0,True,logit
syn_178,synthetic,,,never,,False,logit
syn_180,synthetic,,,never,,False,logit
syn_46,synthetic,,,never,23.0,True,logit
syn_116,synthetic,19.0,22.0,persistent,17.0,True,logit
syn_151,synthetic,,,never,,False,logit
syn_85,synthetic,,,never,,False,logit
syn_191,synthetic,,,never,,False,logit
syn_192,synthetic,21.0,21.0,persistent,19.0,True,logit
syn_193,synthetic,,,never,,False,logit
syn_195,synthetic,,,never,,False,logit
syn_162,synthetic,,,never,,False,logit
syn_199,synthetic,24.0,24.0,late_only,18.0,True,logit
syn_64,synthetic,24.0,24.0,late_only,23.0,True,logit
syn_99,synthetic,,,never,,False,logit
syn_139,synthetic,24.0,24.0,late_only,20.0,True,logit
syn_4,synthetic,19.0,22.0,persistent,15.0,True,logit
syn_39,synthetic,20.0,20.0,persistent,7.0,True,logit
syn_142,synthetic,,,never,,False,logit
syn_7,synthetic,,,never,22.0,True,logit
syn_10,synthetic,24.0,24.0,late_only,18.0,True,logit
syn_11,synthetic,,,never,,False,logit
syn_182,synthetic,21.0,24.0,late_only,24.0,True,logit
syn_82,synthetic,22.0,22.0,persistent,19.0,True,logit
syn_117,synthetic,23.0,23.0,persistent,16.0,True,logit
syn_50,synthetic,,,never,,False,logit
syn_52,synthetic,,,never,,False,logit
syn_88,synthetic,,,never,,False,logit
syn_22,synthetic,,,never,,False,logit
syn_125,synthetic,23.0,23.0,persistent,21.0,True,logit
syn_58,synthetic,15.0,15.0,persistent,5.0,True,logit
syn_127,synthetic,,,never,,False,logit
syn_26,synthetic,,,never,17.0,True,logit
syn_197,synthetic,,,never,,False,logit
syn_133,synthetic,17.0,17.0,persistent,14.0,True,logit
syn_0,synthetic,,,never,17.0,True,logit
syn_70,synthetic,,,never,21.0,True,logit
syn_71,synthetic,24.0,24.0,late_only,23.0,True,logit
syn_141,synthetic,23.0,,transient,14.0,True,logit
syn_6,synthetic,,,never,,False,logit
syn_143,synthetic,,,never,,False,logit
syn_77,synthetic,,,never,,False,logit
syn_78,synthetic,23.0,23.0,persistent,19.0,True,logit
syn_51,synthetic,23.0,23.0,persistent,13.0,True,logit
syn_154,synthetic,23.0,23.0,persistent,21.0,True,logit
syn_54,synthetic,,,never,24.0,True,logit
syn_24,synthetic,,,never,,False,logit
syn_94,synthetic,24.0,24.0,late_only,17.0,True,logit
syn_95,synthetic,,,never,,False,logit
syn_130,synthetic,23.0,23.0,persistent,24.0,True,logit
syn_165,synthetic,,,never,,False,logit
syn_166,synthetic,18.0,18.0,persistent,14.0,True,logit
syn_32,synthetic,,,never,,False,logit
syn_169,synthetic,,,never,,False,logit
syn_136,synthetic,,,never,,False,logit
syn_1,synthetic,23.0,23.0,persistent,16.0,True,logit
syn_36,synthetic,23.0,23.0,persistent,20.0,True,logit
syn_140,synthetic,,,never,,False,logit
syn_145,synthetic,15.0,,transient,21.0,True,logit
syn_81,synthetic,,,never,,False,logit
syn_49,synthetic,,,never,,False,logit
syn_186,synthetic,,,never,,False,logit
syn_17,synthetic,24.0,24.0,late_only,20.0,True,logit
syn_120,synthetic,,,never,,False,logit
syn_189,synthetic,23.0,,transient,22.0,True,logit
syn_156,synthetic,,,never,,False,logit
syn_159,synthetic,,,never,,False,logit
syn_194,synthetic,23.0,23.0,persistent,18.0,True,logit
syn_96,synthetic,23.0,23.0,persistent,15.0,True,logit
syn_30,synthetic,,,never,,False,logit
syn_134,synthetic,,,never,,False,logit
syn_137,synthetic,24.0,24.0,late_only,24.0,True,logit
syn_37,synthetic,20.0,24.0,late_only,22.0,True,logit
syn_110,synthetic,,,never,,False,logit
syn_111,synthetic,24.0,24.0,late_only,19.0,True,logit
syn_79,synthetic,,,never,,False,logit
syn_13,synthetic,20.0,23.0,persistent,19.0,True,logit
syn_19,synthetic,,,never,,False,logit
syn_55,synthetic,23.0,23.0,persistent,20.0,True,logit
syn_161,synthetic,23.0,23.0,persistent,16.0,True,logit
syn_164,synthetic,,,never,,False,logit
syn_97,synthetic,,,never,,False,logit
cf_17408,latent,15.0,17.0,persistent,3.0,True,tuned
cf_9130,latent,21.0,21.0,persistent,11.0,True,tuned
cf_12408,latent,20.0,20.0,persistent,6.0,True,tuned
cf_19190,latent,18.0,18.0,persistent,15.0,True,tuned
cf_7054,latent,17.0,17.0,persistent,9.0,True,tuned
cf_7199,latent,20.0,20.0,persistent,2.0,True,tuned
cf_14053,latent,16.0,16.0,persistent,1.0,True,tuned
cf_12102,latent,18.0,18.0,persistent,5.0,True,tuned
cf_13826,latent,18.0,18.0,persistent,7.0,True,tuned
cf_11926,latent,20.0,20.0,persistent,11.0,True,tuned
cf_11786,latent,19.0,24.0,late_only,17.0,True,tuned
cf_18477,latent,17.0,17.0,persistent,4.0,True,tuned
cf_12110,latent,17.0,17.0,persistent,17.0,True,tuned
cf_7067,latent,19.0,19.0,persistent,10.0,True,tuned
cf_16015,latent,22.0,24.0,late_only,18.0,True,tuned
cf_10098,latent,18.0,18.0,persistent,4.0,True,tuned
cf_14210,latent,20.0,20.0,persistent,9.0,True,tuned
cf_12840,latent,19.0,19.0,persistent,7.0,True,tuned
cf_766,latent,18.0,18.0,persistent,3.0,True,tuned
cf_457,latent,18.0,18.0,persistent,21.0,True,tuned
cf_12021,latent,18.0,18.0,persistent,1.0,True,tuned
cf_13579,latent,18.0,18.0,persistent,6.0,True,tuned
cf_7153,latent,17.0,17.0,persistent,5.0,True,tuned
cf_4876,latent,19.0,19.0,persistent,10.0,True,tuned
cf_5407,latent,17.0,17.0,persistent,2.0,True,tuned
cf_8907,latent,18.0,18.0,persistent,12.0,True,tuned
cf_14381,latent,18.0,18.0,persistent,10.0,True,tuned
cf_3911,latent,20.0,20.0,persistent,21.0,True,tuned
cf_17740,latent,8.0,24.0,late_only,21.0,True,tuned
cf_15306,latent,18.0,18.0,persistent,10.0,True,tuned
cf_414,latent,22.0,22.0,persistent,9.0,True,tuned
cf_7611,latent,18.0,18.0,persistent,13.0,True,tuned
cf_1744,latent,18.0,18.0,persistent,5.0,True,tuned
cf_2614,latent,18.0,18.0,persistent,12.0,True,tuned
cf_17734,latent,,,never,21.0,True,tuned
cf_7758,latent,18.0,18.0,persistent,10.0,True,tuned
cf_9411,latent,18.0,20.0,persistent,17.0,True,tuned
cf_6593,latent,18.0,18.0,persistent,1.0,True,tuned
cf_7593,latent,20.0,20.0,persistent,8.0,True,tuned
cf_17430,latent,17.0,17.0,persistent,10.0,True,tuned
cf_12914,latent,18.0,18.0,persistent,6.0,True,tuned
cf_10852,latent,18.0,18.0,persistent,1.0,True,tuned
cf_1835,latent,22.0,,transient,17.0,True,tuned
cf_14545,latent,18.0,20.0,persistent,2.0,True,tuned
cf_16506,latent,14.0,14.0,persistent,6.0,True,tuned
cf_19571,latent,18.0,18.0,persistent,19.0,True,tuned
cf_10912,latent,18.0,18.0,persistent,9.0,True,tuned
cf_16416,latent,18.0,18.0,persistent,12.0,True,tuned
cf_13926,latent,18.0,18.0,persistent,17.0,True,tuned
cf_4585,latent,18.0,18.0,persistent,18.0,True,tuned
cf_15927,latent,18.0,18.0,persistent,5.0,True,tuned
cf_1097,latent,18.0,18.0,persistent,4.0,True,tuned
cf_4457,latent,21.0,,transient,11.0,True,tuned
cf_14940,latent,23.0,23.0,persistent,19.0,True,tuned
cf_14047,latent,18.0,18.0,persistent,1.0,True,tuned
cf_16473,latent,17.0,17.0,persistent,11.0,True,tuned
cf_17346,latent,15.0,17.0,persistent,8.0,True,tuned
cf_446,latent,18.0,18.0,persistent,11.0,True,tuned
cf_1754,latent,19.0,23.0,persistent,10.0,True,tuned
cf_3588,latent,21.0,21.0,persistent,5.0,True,tuned
cf_14820,latent,18.0,20.0,persistent,13.0,True,tuned
cf_16393,latent,18.0,18.0,persistent,6.0,True,tuned
cf_4238,latent,19.0,19.0,persistent,4.0,True,tuned
cf_11430,latent,22.0,22.0,persistent,4.0,True,tuned
cf_7559,latent,21.0,21.0,persistent,4.0,True,tuned
cf_12664,latent,20.0,20.0,persistent,9.0,True,tuned
cf_12911,latent,18.0,,transient,13.0,True,tuned
cf_863,latent,17.0,17.0,persistent,12.0,True,tuned
cf_15601,latent,21.0,21.0,persistent,1.0,True,tuned
cf_9416,latent,18.0,18.0,persistent,4.0,True,tuned
cf_10914,latent,18.0,18.0,persistent,8.0,True,tuned
cf_9589,latent,22.0,22.0,persistent,19.0,True,tuned
cf_6838,latent,19.0,19.0,persistent,2.0,True,tuned
cf_15631,latent,18.0,18.0,persistent,20.0,True,tuned
cf_15696,latent,18.0,18.0,persistent,1.0,True,tuned
cf_1672,latent,20.0,20.0,persistent,10.0,True,tuned
cf_16740,latent,18.0,18.0,persistent,13.0,True,tuned
cf_6380,latent,21.0,21.0,persistent,2.0,True,tuned
cf_8882,latent,18.0,18.0,persistent,14.0,True,tuned
cf_560,latent,16.0,16.0,persistent,2.0,True,tuned
cf_2129,latent,18.0,18.0,persistent,22.0,True,tuned
cf_10230,latent,17.0,17.0,persistent,18.0,True,tuned
cf_15169,latent,,,never,13.0,True,tuned
cf_9653,latent,18.0,18.0,persistent,3.0,True,tuned
cf_19516,latent,17.0,17.0,persistent,4.0,True,tuned
cf_8125,latent,17.0,17.0,persistent,2.0,True,tuned
cf_17309,latent,22.0,22.0,persistent,12.0,True,tuned
cf_11396,latent,18.0,18.0,persistent,13.0,True,tuned
cf_3329,latent,7.0,,transient,,False,tuned
cf_3305,latent,19.0,19.0,persistent,9.0,True,tuned
cf_3027,latent,18.0,18.0,persistent,7.0,True,tuned
cf_18759,latent,19.0,19.0,persistent,13.0,True,tuned
cf_791,latent,18.0,18.0,persistent,6.0,True,tuned
cf_19544,latent,18.0,18.0,persistent,11.0,True,tuned
cf_18360,latent,19.0,19.0,persistent,14.0,True,tuned
cf_11772,latent,19.0,19.0,persistent,8.0,True,tuned
cf_16535,latent,21.0,21.0,persistent,11.0,True,tuned
cf_16975,latent,19.0,,transient,13.0,True,tuned
cf_19445,latent,24.0,24.0,late_only,17.0,True,tuned
cf_2843,latent,21.0,21.0,persistent,10.0,True,tuned
cf_3667,unknown,18.0,18.0,persistent,21.0,True,tuned
cf_17353,unknown,19.0,22.0,persistent,23.0,True,tuned
cf_8498,unknown,19.0,22.0,persistent,22.0,True,tuned
cf_13420,unknown,,,never,,False,tuned
cf_14811,unknown,18.0,18.0,persistent,11.0,True,tuned
cf_2770,unknown,18.0,18.0,persistent,8.0,True,tuned
cf_14923,unknown,18.0,18.0,persistent,6.0,True,tuned
cf_18814,unknown,19.0,22.0,persistent,23.0,True,tuned
cf_8905,unknown,,,never,,False,tuned
cf_10334,unknown,24.0,24.0,late_only,24.0,True,tuned
cf_15540,unknown,23.0,23.0,persistent,22.0,True,tuned
cf_18229,unknown,,,never,,False,tuned
cf_6182,unknown,,,never,,False,tuned
cf_13412,unknown,,,never,23.0,True,tuned
cf_778,unknown,18.0,18.0,persistent,9.0,True,tuned
cf_14880,unknown,18.0,18.0,persistent,10.0,True,tuned
cf_6269,unknown,18.0,18.0,persistent,8.0,True,tuned
cf_16719,unknown,,,never,,False,tuned
cf_16710,unknown,,,never,,False,tuned
cf_10776,unknown,18.0,18.0,persistent,10.0,True,tuned
cf_16171,unknown,,,never,,False,tuned
cf_13580,unknown,21.0,21.0,persistent,13.0,True,tuned
cf_17606,unknown,7.0,18.0,persistent,13.0,True,tuned
cf_9750,unknown,22.0,,transient,22.0,True,tuned
cf_10250,unknown,24.0,24.0,late_only,23.0,True,tuned
cf_3796,unknown,18.0,18.0,persistent,6.0,True,tuned
cf_12007,unknown,17.0,17.0,persistent,15.0,True,tuned
cf_14320,unknown,,,never,,False,tuned
cf_16855,unknown,19.0,19.0,persistent,14.0,True,tuned
cf_1296,unknown,,,never,,False,tuned
cf_586,unknown,18.0,18.0,persistent,5.0,True,tuned
cf_3865,unknown,19.0,19.0,persistent,11.0,True,tuned
cf_11178,unknown,22.0,22.0,persistent,20.0,True,tuned
cf_2851,unknown,23.0,23.0,persistent,10.0,True,tuned
cf_8663,unknown,19.0,19.0,persistent,11.0,True,tuned
cf_17958,unknown,,,never,,False,tuned
cf_1689,unknown,21.0,21.0,persistent,20.0,True,tuned
cf_15360,unknown,19.0,24.0,late_only,20.0,True,tuned
cf_14823,unknown,,,never,,False,tuned
cf_16037,unknown,24.0,24.0,late_only,,False,tuned
cf_14532,unknown,,,never,,False,tuned
cf_14515,unknown,19.0,19.0,persistent,4.0,True,tuned
cf_5302,unknown,21.0,21.0,persistent,11.0,True,tuned
cf_14703,unknown,22.0,22.0,persistent,19.0,True,tuned
cf_16655,unknown,18.0,21.0,persistent,14.0,True,tuned
cf_1681,unknown,,,never,,False,tuned
cf_5879,unknown,24.0,24.0,late_only,23.0,True,tuned
cf_13868,unknown,18.0,20.0,persistent,12.0,True,tuned
cf_12541,unknown,19.0,19.0,persistent,16.0,True,tuned
cf_9549,unknown,18.0,18.0,persistent,5.0,True,tuned
cf_1944,unknown,23.0,23.0,persistent,22.0,True,tuned
cf_17588,unknown,22.0,22.0,persistent,21.0,True,tuned
cf_18830,unknown,,,never,,False,tuned
cf_14324,unknown,16.0,16.0,persistent,5.0,True,tuned
cf_5939,unknown,24.0,24.0,late_only,23.0,True,tuned
cf_11416,unknown,17.0,17.0,persistent,18.0,True,tuned
cf_2281,unknown,,,never,,False,tuned
cf_1065,unknown,18.0,18.0,persistent,16.0,True,tuned
cf_2174,unknown,24.0,24.0,late_only,20.0,True,tuned
cf_10184,unknown,22.0,22.0,persistent,18.0,True,tuned
cf_6780,unknown,18.0,18.0,persistent,3.0,True,tuned
cf_19659,unknown,20.0,20.0,persistent,15.0,True,tuned
cf_2838,unknown,18.0,18.0,persistent,12.0,True,tuned
cf_605,unknown,21.0,24.0,late_only,10.0,True,tuned
cf_14819,unknown,,,never,,False,tuned
cf_11571,unknown,22.0,22.0,persistent,16.0,True,tuned
cf_4628,unknown,21.0,21.0,persistent,16.0,True,tuned
cf_13451,unknown,18.0,18.0,persistent,18.0,True,tuned
cf_19536,unknown,,,never,,False,tuned
cf_18494,unknown,18.0,18.0,persistent,21.0,True,tuned
cf_3521,unknown,24.0,24.0,late_only,23.0,True,tuned
cf_7811,unknown,21.0,21.0,persistent,21.0,True,tuned
cf_16633,unknown,22.0,22.0,persistent,20.0,True,tuned
cf_3822,unknown,20.0,20.0,persistent,19.0,True,tuned
cf_11241,unknown,20.0,20.0,persistent,14.0,True,tuned
cf_10131,unknown,18.0,18.0,persistent,10.0,True,tuned
cf_12894,unknown,24.0,24.0,late_only,,False,tuned
cf_8706,unknown,24.0,24.0,late_only,20.0,True,tuned
cf_14847,unknown,18.0,18.0,persistent,18.0,True,tuned
cf_1082,unknown,15.0,15.0,persistent,11.0,True,tuned
cf_12766,unknown,20.0,20.0,persistent,12.0,True,tuned
cf_3982,unknown,18.0,18.0,persistent,10.0,True,tuned
cf_11864,unknown,18.0,18.0,persistent,1.0,True,tuned
cf_18808,unknown,18.0,20.0,persistent,4.0,True,tuned
cf_6152,unknown,23.0,23.0,persistent,21.0,True,tuned
cf_17347,unknown,18.0,21.0,persistent,11.0,True,tuned
cf_6753,unknown,,,never,18.0,True,tuned
cf_3486,unknown,,,never,,False,tuned
cf_18079,unknown,18.0,18.0,persistent,6.0,True,tuned
cf_10742,unknown,,,never,18.0,True,tuned
cf_4897,unknown,,,never,,False,tuned
cf_17595,unknown,18.0,18.0,persistent,6.0,True,tuned
cf_8902,unknown,,,never,,False,tuned
cf_17443,unknown,18.0,18.0,persistent,12.0,True,tuned
cf_8040,unknown,18.0,18.0,persistent,1.0,True,tuned
cf_7402,unknown,18.0,23.0,persistent,7.0,True,tuned
cf_18142,unknown,,,never,,False,tuned
cf_14543,unknown,,,never,,False,tuned
cf_18082,unknown,22.0,,transient,16.0,True,tuned
cf_15314,unknown,18.0,18.0,persistent,14.0,True,tuned
syn_106,synthetic,22.0,22.0,persistent,,False,tuned
syn_107,synthetic,19.0,19.0,persistent,17.0,True,tuned
syn_108,synthetic,,,never,,False,tuned
syn_41,synthetic,24.0,24.0,late_only,23.0,True,tuned
syn_8,synthetic,24.0,24.0,late_only,24.0,True,tuned
syn_181,synthetic,21.0,21.0,persistent,19.0,True,tuned
syn_114,synthetic,,,never,23.0,True,tuned
syn_115,synthetic,24.0,24.0,late_only,21.0,True,tuned
syn_150,synthetic,19.0,,transient,,False,tuned
syn_84,synthetic,,,never,,False,tuned
syn_121,synthetic,24.0,24.0,late_only,24.0,True,tuned
syn_157,synthetic,19.0,,transient,24.0,True,tuned
syn_158,synthetic,22.0,,transient,24.0,True,tuned
syn_129,synthetic,21.0,21.0,persistent,15.0,True,tuned
syn_31,synthetic,,,never,23.0,True,tuned
syn_101,synthetic,17.0,,transient,18.0,True,tuned
syn_68,synthetic,22.0,22.0,persistent,17.0,True,tuned
syn_35,synthetic,21.0,21.0,persistent,20.0,True,tuned
syn_2,synthetic,19.0,19.0,persistent,15.0,True,tuned
syn_178,synthetic,,,never,,False,tuned
syn_180,synthetic,,,never,,False,tuned
syn_46,synthetic,18.0,,transient,23.0,True,tuned
syn_116,synthetic,24.0,24.0,late_only,17.0,True,tuned
syn_151,synthetic,,,never,,False,tuned
syn_85,synthetic,,,never,,False,tuned
syn_191,synthetic,,,never,,False,tuned
syn_192,synthetic,21.0,21.0,persistent,19.0,True,tuned
syn_193,synthetic,,,never,,False,tuned
syn_195,synthetic,,,never,,False,tuned
syn_162,synthetic,,,never,,False,tuned
syn_199,synthetic,23.0,23.0,persistent,18.0,True,tuned
syn_64,synthetic,17.0,22.0,persistent,23.0,True,tuned
syn_99,synthetic,,,never,,False,tuned
syn_139,synthetic,23.0,23.0,persistent,20.0,True,tuned
syn_4,synthetic,19.0,21.0,persistent,15.0,True,tuned
syn_39,synthetic,18.0,18.0,persistent,7.0,True,tuned
syn_142,synthetic,,,never,,False,tuned
syn_7,synthetic,,,never,22.0,True,tuned
syn_10,synthetic,22.0,22.0,persistent,18.0,True,tuned
syn_11,synthetic,20.0,,transient,,False,tuned
syn_182,synthetic,22.0,24.0,late_only,24.0,True,tuned
syn_82,synthetic,19.0,19.0,persistent,19.0,True,tuned
syn_117,synthetic,22.0,22.0,persistent,16.0,True,tuned
syn_50,synthetic,,,never,,False,tuned
syn_52,synthetic,,,never,,False,tuned
syn_88,synthetic,,,never,,False,tuned
syn_22,synthetic,,,never,,False,tuned
syn_125,synthetic,23.0,23.0,persistent,21.0,True,tuned
syn_58,synthetic,14.0,14.0,persistent,5.0,True,tuned
syn_127,synthetic,,,never,,False,tuned
syn_26,synthetic,23.0,,transient,17.0,True,tuned
syn_197,synthetic,,,never,,False,tuned
syn_133,synthetic,16.0,16.0,persistent,14.0,True,tuned
syn_0,synthetic,19.0,,transient,17.0,True,tuned
syn_70,synthetic,,,never,21.0,True,tuned
syn_71,synthetic,24.0,24.0,late_only,23.0,True,tuned
syn_141,synthetic,22.0,,transient,14.0,True,tuned
syn_6,synthetic,,,never,,False,tuned
syn_143,synthetic,,,never,,False,tuned
syn_77,synthetic,,,never,,False,tuned
syn_78,synthetic,20.0,20.0,persistent,19.0,True,tuned
syn_51,synthetic,18.0,18.0,persistent,13.0,True,tuned
syn_154,synthetic,24.0,24.0,late_only,21.0,True,tuned
syn_54,synthetic,,,never,24.0,True,tuned
syn_24,synthetic,,,never,,False,tuned
syn_94,synthetic,23.0,23.0,persistent,17.0,True,tuned
syn_95,synthetic,,,never,,False,tuned
syn_130,synthetic,23.0,23.0,persistent,24.0,True,tuned
syn_165,synthetic,,,never,,False,tuned
syn_166,synthetic,18.0,18.0,persistent,14.0,True,tuned
syn_32,synthetic,,,never,,False,tuned
syn_169,synthetic,,,never,,False,tuned
syn_136,synthetic,,,never,,False,tuned
syn_1,synthetic,23.0,23.0,persistent,16.0,True,tuned
syn_36,synthetic,24.0,24.0,late_only,20.0,True,tuned
syn_140,synthetic,,,never,,False,tuned
syn_145,synthetic,18.0,,transient,21.0,True,tuned
syn_81,synthetic,,,never,,False,tuned
syn_49,synthetic,,,never,,False,tuned
syn_186,synthetic,,,never,,False,tuned
syn_17,synthetic,22.0,22.0,persistent,20.0,True,tuned
syn_120,synthetic,,,never,,False,tuned
syn_189,synthetic,23.0,,transient,22.0,True,tuned
syn_156,synthetic,,,never,,False,tuned
syn_159,synthetic,,,never,,False,tuned
syn_194,synthetic,22.0,22.0,persistent,18.0,True,tuned
syn_96,synthetic,22.0,22.0,persistent,15.0,True,tuned
syn_30,synthetic,,,never,,False,tuned
syn_134,synthetic,,,never,,False,tuned
syn_137,synthetic,24.0,24.0,late_only,24.0,True,tuned
syn_37,synthetic,19.0,23.0,persistent,22.0,True,tuned
syn_110,synthetic,,,never,,False,tuned
syn_111,synthetic,24.0,24.0,late_only,19.0,True,tuned
syn_79,synthetic,,,never,,False,tuned
syn_13,synthetic,19.0,22.0,persistent,19.0,True,tuned
syn_19,synthetic,,,never,,False,tuned
syn_55,synthetic,22.0,22.0,persistent,20.0,True,tuned
syn_161,synthetic,20.0,20.0,persistent,16.0,True,tuned
syn_164,synthetic,,,never,,False,tuned
syn_97,synthetic,,,never,,False,tuned
